iter	MultiClass
0	-1.089985445
1	-1.082054979
2	-1.074242483	3	-1.06683897444	-1.060002825	5	-1.053384596	6	-1.04658197	-7	-1.04066578	-8	-1.03527449	-9	-1.030035210	10	-1.02472411	-11	-1.01993012	-12	-1.01553413	-13	-1.01113814	-14	-1.00694315	-15	-1.00282116	-16	-0.99900217	-017	-0.99507218	-018	-0.99176119	-019	-0.98846420	-020	-0.98499521	-021	-0.98153022	-022	-0.97858123	-023	-0.97550524	-024	-0.97305125	-025	-0.97044326	-026	-0.96812827	-027	-0.96571928	-028	-0.96370829	-029	-0.96186730	-030	-0.95973231	-031	-0.95792432	32	-0.9556730033	33	-0.9539053034	34	-0.9521090835	35	-0.9504087436	36	-0.9491057837	37	-0.9476874638	38	-0.945900043939	-0.944440234040	-0.9428862234141	-0.9413931964242	-0.9401895094343	-0.9389780074444	-0.9377971524545	-0.9368935324646	-0.9355617494747	-0.9344250824848	-0.9335198644949	-0.9323631915050	-0.9313614335151	-0.9304040095252	-0.9293426845353	-0.928533165554	-0.9278048755555	-0.9268028565656	-0.925862757557	-0.925208858	558	-0.924253959	559	-0.923640160	660	-0.92277561	-661	-0.92222762	-662	-0.92153263	-663	-0.92068864	6464	-0.91996565	6565	-0.91919466	6666	-0.91873867	667	-0.918067968	668	-0.9173069	-0669	-0.9168470	-0770	-0.9161771	-071	-0.91580972	-072	-0.91524573	-073	-0.91468474	-074	-0.91429375	-075	-0.91379176	-76	-0.913180477	-77	-0.912718178	-78	-0.912158679	-79	-0.911854880	-80	-0.911281981	-81	-0.910827882	-82	-0.910550283	-83	-0.910124884	-84	-0.909689985	-85	-0.909264086	-86	-0.908857987	887	-0.908586988	888	-0.908305689	889	-0.907910290	990	-0.907623091	991	-0.90729192	-992	-0.90704393	-993	-0.90673494	-994	-0.90645095	-995	-0.90612596	-996	-0.90590597	-97	-0.905632698	-98	-0.905378299	-99	-0.9050443442
